,cell_line_names,anchor_names_1,anchor_names_B,library_names,labels
0,C2BBe1,Afatinib,Trametinib,SB505124,0
1,NCI-H508,Afatinib,Trametinib,Olaparib,0
2,HT55,Afatinib,Trametinib,SB216763,0
3,COLO-678,Afatinib,Trametinib,Oxaliplatin,0
4,COLO-320-HSR,Afatinib,Trametinib,AZD7762,0
5,HCT-15,Afatinib,Trametinib,AZD8055,0
6,LS-513,Afatinib,Trametinib,Afatinib,0
7,SW620,Afatinib,Trametinib,SB216763,0
8,SW948,Afatinib,Trametinib,Palbociclib,0
9,HCC2998,Afatinib,Trametinib,Sapitinib,1
10,HT-29,Afatinib,Trametinib,LGK974,0
11,MDST8,Afatinib,Trametinib,SB505124,0
12,SNU-81,Afatinib,Trametinib,Oxaliplatin,0
13,HCC2998,Afatinib,Trametinib,AZD7762,1
14,HT55,Afatinib,Trametinib,Dabrafenib,0
15,COLO-320-HSR,Afatinib,Trametinib,5-Fluorouracil,0
16,CW-2,Afatinib,Trametinib,SB505124,0
17,LS-180,Afatinib,Trametinib,Olaparib,0
18,LS-513,Afatinib,Trametinib,Crizotinib,0
19,SW48,Afatinib,Trametinib,Taselisib,0
20,SNU-175,Afatinib,Trametinib,AZD8055,0
21,C2BBe1,Afatinib,Trametinib,Oxaliplatin,0
22,SNU-175,Afatinib,Trametinib,Afatinib,0
23,KM12,Afatinib,Trametinib,5-Fluorouracil,0
24,C2BBe1,Afatinib,Trametinib,Crizotinib,0
25,SNU-81,Afatinib,Trametinib,5-Fluorouracil,0
26,SW620,Afatinib,Trametinib,AZD4547,0
27,LS-411N,Afatinib,Trametinib,5-Fluorouracil,0
28,RKO,Afatinib,Trametinib,Trametinib,0
29,HCT-116,Afatinib,Trametinib,SB216763,0
30,SNU-1040,Afatinib,Trametinib,Camptothecin,0
31,SNU-C2B,Afatinib,Trametinib,MK-2206,0
32,SW948,Afatinib,Trametinib,Dabrafenib,0
33,HT-115,Afatinib,Trametinib,Taselisib,0
34,SNU-C5,Afatinib,Trametinib,Vinorelbine,0
35,HCT-15,Afatinib,Trametinib,Olaparib,0
36,LS-513,Afatinib,Trametinib,Dabrafenib,0
37,NCI-H747,Afatinib,Trametinib,Palbociclib,0
38,SNU-C5,Afatinib,Trametinib,LGK974,0
39,NCI-H747,Afatinib,Trametinib,AZD7762,0
40,CaR-1,Afatinib,Trametinib,Afatinib,0
41,SNU-175,Afatinib,Trametinib,Navitoclax,0
42,SNU-C5,Afatinib,Trametinib,Dabrafenib,0
43,SW1116,Afatinib,Trametinib,Olaparib,0
44,CaR-1,Afatinib,Trametinib,AZD8055,0
45,COLO-205,Afatinib,Trametinib,LGK974,0
46,HT-115,Afatinib,Trametinib,BMS-754807,0
47,DiFi,Afatinib,Trametinib,Taselisib,0
48,NCI-H508,Afatinib,Trametinib,Linsitinib,0
49,NCI-H747,Afatinib,Trametinib,Camptothecin,0
50,COLO-205,Afatinib,Trametinib,Oxaliplatin,0
51,LS-123,Afatinib,Trametinib,SB505124,0
52,SNU-C1,Afatinib,Trametinib,Navitoclax,1
53,SNU-407,Afatinib,Trametinib,Taselisib,0
54,HCT-15,Afatinib,Trametinib,Linsitinib,0
55,COLO-205,Afatinib,Trametinib,MK-1775,0
56,DiFi,Afatinib,Trametinib,BMS-754807,0
57,LS-123,Afatinib,Trametinib,Navitoclax,0
58,SW1417,Afatinib,Trametinib,MK-1775,0
59,MDST8,Afatinib,Trametinib,Taselisib,0
60,SNU-C5,Afatinib,Trametinib,Camptothecin,0
61,HT55,Afatinib,Trametinib,Afatinib,0
62,COLO-678,Afatinib,Trametinib,SB216763,0
63,GP5d,Afatinib,Trametinib,Crizotinib,0
64,SW620,Afatinib,Trametinib,Sapitinib,0
65,LS-513,Afatinib,Trametinib,Camptothecin,0
66,SNU-81,Afatinib,Trametinib,Vinorelbine,0
67,SW1417,Afatinib,Trametinib,Vinorelbine,0
68,T84,Afatinib,Trametinib,Afatinib,0
69,SNU-C5,Afatinib,Trametinib,AZD7762,0
70,NCI-H747,Afatinib,Trametinib,Dabrafenib,0
71,SNU-C5,Afatinib,Trametinib,Palbociclib,0
72,NCI-H747,Afatinib,Trametinib,LGK974,0
73,CCK-81,Afatinib,Trametinib,Crizotinib,0
74,SW620,Afatinib,Trametinib,Taselisib,0
75,NCI-H747,Afatinib,Trametinib,Vinorelbine,0
76,SW1417,Afatinib,Trametinib,Oxaliplatin,0
77,CW-2,Afatinib,Trametinib,Olaparib,0
78,T84,Afatinib,Trametinib,SB505124,0
79,MDST8,Afatinib,Trametinib,BMS-754807,0
80,C2BBe1,Afatinib,Trametinib,Taselisib,0
81,SW1463,Afatinib,Trametinib,Afatinib,0
82,NCI-H508,Afatinib,Trametinib,AZD8055,0
83,COLO-678,Afatinib,Trametinib,LGK974,0
84,SK-CO-1,Afatinib,Trametinib,LGK974,0
85,SNU-C2B,Afatinib,Trametinib,Afatinib,0
86,COLO-678,Afatinib,Trametinib,Vinorelbine,0
87,SNU-C1,Afatinib,Trametinib,Trametinib,0
88,SW837,Afatinib,Trametinib,Navitoclax,0
89,NCI-H716,Afatinib,Trametinib,MK-2206,0
90,LoVo,Afatinib,Trametinib,AZD4547,0
91,NCI-H508,Afatinib,Trametinib,Afatinib,0
92,HT55,Afatinib,Trametinib,Navitoclax,0
93,SW1463,Afatinib,Trametinib,AZD8055,0
94,KM12,Afatinib,Trametinib,MK-1775,0
95,HCC2998,Afatinib,Trametinib,Camptothecin,0
96,SW1116,Afatinib,Trametinib,MK-2206,1
97,T84,Afatinib,Trametinib,Camptothecin,0
98,SNU-81,Afatinib,Trametinib,AZD7762,0
99,SW1417,Afatinib,Trametinib,AZD7762,0
100,COLO-678,Afatinib,Trametinib,AZD7762,0
101,SNU-407,Afatinib,Trametinib,SB505124,0
102,SW48,Afatinib,Trametinib,SB216763,0
103,GP5d,Afatinib,Trametinib,SB505124,0
104,CCK-81,Afatinib,Trametinib,Trametinib,0
105,LS-123,Afatinib,Trametinib,AZD8055,0
106,SW1417,Afatinib,Trametinib,5-Fluorouracil,0
107,DiFi,Afatinib,Trametinib,SB505124,0
108,SW1116,Afatinib,Trametinib,SCH772984,0
109,HCC2998,Afatinib,Trametinib,5-Fluorouracil,0
110,SW837,Afatinib,Trametinib,Afatinib,0
111,C2BBe1,Afatinib,Trametinib,AZD7762,0
112,GP5d,Afatinib,Trametinib,Oxaliplatin,0
113,SW837,Afatinib,Trametinib,AZD8055,0
114,SW620,Afatinib,Trametinib,MK-2206,0
115,CaR-1,Afatinib,Trametinib,Navitoclax,0
116,C2BBe1,Afatinib,Trametinib,Navitoclax,0
117,LS-123,Afatinib,Trametinib,Crizotinib,0
118,HCT-116,Afatinib,Trametinib,BMS-754807,1
119,SW837,Afatinib,Trametinib,BMS-754807,0
120,SNU-C2B,Afatinib,Trametinib,MK-1775,0
121,LS-411N,Afatinib,Trametinib,BMS-754807,1
122,HT-115,Afatinib,Trametinib,SB505124,0
123,T84,Afatinib,Trametinib,Olaparib,0
124,CL-11,Afatinib,Trametinib,MK-2206,1
125,RCM-1,Afatinib,Trametinib,MK-1775,0
126,LS-123,Afatinib,Trametinib,BMS-754807,0
127,COLO-205,Afatinib,Trametinib,Crizotinib,0
128,CL-11,Afatinib,Trametinib,MK-1775,0
129,CL-11,Afatinib,Trametinib,Olaparib,0
130,LS-180,Afatinib,Trametinib,Linsitinib,1
131,COLO-678,Afatinib,Trametinib,Taselisib,0
132,C2BBe1,Afatinib,Trametinib,LGK974,0
133,RCM-1,Afatinib,Trametinib,Vinorelbine,1
134,CW-2,Afatinib,Trametinib,BMS-754807,1
135,LoVo,Afatinib,Trametinib,Afatinib,0
136,HT55,Afatinib,Trametinib,AZD7762,0
137,CCK-81,Afatinib,Trametinib,Taselisib,0
138,HT-29,Afatinib,Trametinib,Camptothecin,0
139,LS-123,Afatinib,Trametinib,Trametinib,0
140,MDST8,Afatinib,Trametinib,AZD7762,0
141,SNU-407,Afatinib,Trametinib,SCH772984,0
142,SW1463,Afatinib,Trametinib,BMS-754807,0
143,SW48,Afatinib,Trametinib,Palbociclib,0
144,HCC2998,Afatinib,Trametinib,Linsitinib,0
145,RKO,Afatinib,Trametinib,Camptothecin,0
146,NCI-H747,Afatinib,Trametinib,Taselisib,0
147,SNU-1040,Afatinib,Trametinib,AZD8055,0
148,HT55,Afatinib,Trametinib,Vinorelbine,0
149,RCM-1,Afatinib,Trametinib,Oxaliplatin,0
150,SW948,Afatinib,Trametinib,Navitoclax,0
151,KM12,Afatinib,Trametinib,Linsitinib,0
152,HT55,Afatinib,Trametinib,LGK974,0
153,SW1116,Afatinib,Trametinib,5-Fluorouracil,0
154,HCT-116,Afatinib,Trametinib,Taselisib,1
155,SW948,Afatinib,Trametinib,Trametinib,0
156,HT-29,Afatinib,Trametinib,SB505124,0
157,MDST8,Afatinib,Trametinib,LGK974,0
158,HT-29,Afatinib,Trametinib,Dabrafenib,0
159,LS-411N,Afatinib,Trametinib,Oxaliplatin,0
160,SNU-C2B,Afatinib,Trametinib,Linsitinib,0
161,HT-29,Afatinib,Trametinib,Olaparib,0
162,RKO,Afatinib,Trametinib,SB505124,0
163,SW1463,Afatinib,Trametinib,AZD4547,0
164,CW-2,Afatinib,Trametinib,LGK974,0
165,LS-123,Afatinib,Trametinib,AZD7762,0
166,SNU-C5,Afatinib,Trametinib,Sapitinib,0
167,COLO-320-HSR,Afatinib,Trametinib,Oxaliplatin,0
168,T84,Afatinib,Trametinib,AZD8055,1
169,SNU-C1,Afatinib,Trametinib,BMS-754807,0
170,LS-513,Afatinib,Trametinib,Sapitinib,0
171,CL-11,Afatinib,Trametinib,Camptothecin,0
172,MDST8,Afatinib,Trametinib,Vinorelbine,0
173,MDST8,Afatinib,Trametinib,Camptothecin,0
174,SNU-175,Afatinib,Trametinib,Trametinib,0
175,DiFi,Afatinib,Trametinib,Dabrafenib,0
176,CCK-81,Afatinib,Trametinib,AZD4547,0
177,COLO-678,Afatinib,Trametinib,AZD4547,0
178,SNU-175,Afatinib,Trametinib,Camptothecin,0
179,MDST8,Afatinib,Trametinib,Trametinib,0
180,SW948,Afatinib,Trametinib,Taselisib,0
181,HT55,Afatinib,Trametinib,Trametinib,0
182,NCI-H747,Afatinib,Trametinib,Navitoclax,0
183,GP5d,Afatinib,Trametinib,SCH772984,0
184,SNU-175,Afatinib,Trametinib,Palbociclib,0
185,GP5d,Afatinib,Trametinib,SB216763,0
186,SNU-C2B,Afatinib,Trametinib,5-Fluorouracil,0
187,COLO-678,Afatinib,Trametinib,Crizotinib,0
188,COLO-205,Afatinib,Trametinib,SB505124,0
189,HT-115,Afatinib,Trametinib,Dabrafenib,0
190,NCI-H747,Afatinib,Trametinib,AZD4547,0
191,SNU-1040,Afatinib,Trametinib,Olaparib,0
192,SW48,Afatinib,Trametinib,LGK974,0
193,COLO-205,Afatinib,Trametinib,Olaparib,0
194,LS-123,Afatinib,Trametinib,LGK974,0
195,LS-411N,Afatinib,Trametinib,Palbociclib,1
196,CCK-81,Afatinib,Trametinib,SB216763,0
197,SNU-1040,Afatinib,Trametinib,SB505124,0
198,RKO,Afatinib,Trametinib,Taselisib,1
199,HCT-116,Afatinib,Trametinib,Linsitinib,1
200,LS-123,Afatinib,Trametinib,Vinorelbine,0
201,LS-123,Afatinib,Trametinib,Palbociclib,0
202,HT-29,Afatinib,Trametinib,Taselisib,0
203,SW48,Afatinib,Trametinib,MK-1775,0
204,SNU-407,Afatinib,Trametinib,Dabrafenib,0
205,SK-CO-1,Afatinib,Trametinib,SB216763,0
206,LoVo,Afatinib,Trametinib,SB216763,0
207,CaR-1,Afatinib,Trametinib,Oxaliplatin,0
208,SNU-1040,Afatinib,Trametinib,AZD4547,0
209,DiFi,Afatinib,Trametinib,MK-1775,0
210,COLO-205,Afatinib,Trametinib,BMS-754807,0
211,RKO,Afatinib,Trametinib,SB216763,0
212,SNU-1040,Afatinib,Trametinib,Navitoclax,0
213,NCI-H747,Afatinib,Trametinib,SB505124,0
214,KM12,Afatinib,Trametinib,Afatinib,0
215,SW1463,Afatinib,Trametinib,Palbociclib,0
216,HT-115,Afatinib,Trametinib,Palbociclib,0
217,SNU-C5,Afatinib,Trametinib,MK-2206,0
218,HT-115,Afatinib,Trametinib,MK-1775,0
219,LS-513,Afatinib,Trametinib,MK-2206,0
220,HCT-116,Afatinib,Trametinib,SCH772984,1
221,CaR-1,Afatinib,Trametinib,Sapitinib,0
222,DiFi,Afatinib,Trametinib,Afatinib,0
223,SNU-407,Afatinib,Trametinib,BMS-754807,1
224,DiFi,Afatinib,Trametinib,Palbociclib,0
225,HCT-15,Afatinib,Trametinib,MK-2206,0
226,SW1463,Afatinib,Trametinib,5-Fluorouracil,0
227,SNU-C1,Afatinib,Trametinib,MK-1775,0
228,COLO-678,Afatinib,Trametinib,SB505124,0
229,LS-411N,Afatinib,Trametinib,SCH772984,0
230,LS-123,Afatinib,Trametinib,Dabrafenib,0
231,SK-CO-1,Afatinib,Trametinib,SB505124,0
232,CCK-81,Afatinib,Trametinib,Palbociclib,0
233,HT-115,Afatinib,Trametinib,Afatinib,0
234,LS-123,Afatinib,Trametinib,SB216763,0
235,CW-2,Afatinib,Trametinib,Crizotinib,0
236,SW1417,Afatinib,Trametinib,AZD8055,0
237,LS-123,Afatinib,Trametinib,5-Fluorouracil,0
238,SK-CO-1,Afatinib,Trametinib,Palbociclib,0
239,LS-411N,Afatinib,Trametinib,Linsitinib,1
240,COLO-320-HSR,Afatinib,Trametinib,SCH772984,0
241,LoVo,Afatinib,Trametinib,Linsitinib,0
242,SNU-175,Afatinib,Trametinib,AZD4547,0
243,COLO-678,Afatinib,Trametinib,Trametinib,0
244,CCK-81,Afatinib,Trametinib,Camptothecin,0
245,SW1463,Afatinib,Trametinib,SB505124,0
246,COLO-205,Afatinib,Trametinib,SB216763,0
247,SNU-C1,Afatinib,Trametinib,SCH772984,0
248,NCI-H747,Afatinib,Trametinib,BMS-754807,0
249,COLO-205,Afatinib,Trametinib,Linsitinib,0
250,NCI-H508,Afatinib,Trametinib,Oxaliplatin,0
251,C2BBe1,Afatinib,Trametinib,Palbociclib,0
252,LoVo,Afatinib,Trametinib,Olaparib,0
253,SK-CO-1,Afatinib,Trametinib,Olaparib,0
254,SW1417,Afatinib,Trametinib,Navitoclax,0
255,SW1463,Afatinib,Trametinib,Navitoclax,1
256,CCK-81,Afatinib,Trametinib,Olaparib,0
257,MDST8,Afatinib,Trametinib,SB216763,0
258,HCC2998,Afatinib,Trametinib,Crizotinib,0
259,KM12,Afatinib,Trametinib,MK-2206,0
260,SW48,Afatinib,Trametinib,Crizotinib,0
261,LS-180,Afatinib,Trametinib,Oxaliplatin,0
262,NCI-H508,Afatinib,Trametinib,Sapitinib,0
263,CCK-81,Afatinib,Trametinib,Dabrafenib,0
264,HT55,Afatinib,Trametinib,Camptothecin,0
265,SNU-C5,Afatinib,Trametinib,Afatinib,0
266,SW1116,Afatinib,Trametinib,Crizotinib,0
267,SW837,Afatinib,Trametinib,Oxaliplatin,0
268,C2BBe1,Afatinib,Trametinib,BMS-754807,1
269,SNU-81,Afatinib,Trametinib,MK-1775,0
270,SW48,Afatinib,Trametinib,Navitoclax,0
271,COLO-320-HSR,Afatinib,Trametinib,Navitoclax,0
272,SNU-81,Afatinib,Trametinib,MK-2206,1
273,RKO,Afatinib,Trametinib,AZD7762,0
274,COLO-205,Afatinib,Trametinib,Palbociclib,0
275,CCK-81,Afatinib,Trametinib,Navitoclax,1
276,SK-CO-1,Afatinib,Trametinib,MK-1775,0
277,SNU-175,Afatinib,Trametinib,Vinorelbine,0
278,SW1463,Afatinib,Trametinib,Olaparib,0
279,SW1116,Afatinib,Trametinib,AZD4547,0
280,HCT-116,Afatinib,Trametinib,Navitoclax,0
281,SW837,Afatinib,Trametinib,Sapitinib,0
282,SNU-C5,Afatinib,Trametinib,Trametinib,0
283,CaR-1,Afatinib,Trametinib,BMS-754807,1
284,HT55,Afatinib,Trametinib,SB505124,0
285,SNU-175,Afatinib,Trametinib,Taselisib,0
286,COLO-320-HSR,Afatinib,Trametinib,Crizotinib,0
287,NCI-H747,Afatinib,Trametinib,SCH772984,0
288,RKO,Afatinib,Trametinib,Vinorelbine,0
289,C2BBe1,Afatinib,Trametinib,Sapitinib,0
290,GP5d,Afatinib,Trametinib,AZD4547,0
291,RKO,Afatinib,Trametinib,LGK974,0
292,SNU-407,Afatinib,Trametinib,AZD4547,0
293,COLO-320-HSR,Afatinib,Trametinib,BMS-754807,0
294,SNU-C5,Afatinib,Trametinib,Crizotinib,0
295,LS-411N,Afatinib,Trametinib,Crizotinib,0
296,SNU-81,Afatinib,Trametinib,Dabrafenib,0
297,LoVo,Afatinib,Trametinib,SB505124,0
298,SNU-175,Afatinib,Trametinib,AZD7762,0
299,SNU-1040,Afatinib,Trametinib,SB216763,0
300,C2BBe1,Afatinib,Trametinib,Dabrafenib,0
301,RCM-1,Afatinib,Trametinib,MK-2206,0
302,HT-29,Afatinib,Trametinib,Trametinib,0
303,HCT-15,Afatinib,Trametinib,Sapitinib,0
304,T84,Afatinib,Trametinib,AZD4547,0
305,MDST8,Afatinib,Trametinib,Sapitinib,0
306,LS-513,Afatinib,Trametinib,Vinorelbine,0
307,HT-115,Afatinib,Trametinib,Linsitinib,0
308,SNU-C1,Afatinib,Trametinib,Oxaliplatin,0
309,LoVo,Afatinib,Trametinib,Camptothecin,0
310,NCI-H716,Afatinib,Trametinib,AZD8055,0
311,SW948,Afatinib,Trametinib,Oxaliplatin,0
312,DiFi,Afatinib,Trametinib,Sapitinib,0
313,SNU-175,Afatinib,Trametinib,MK-2206,0
314,SW48,Afatinib,Trametinib,SB505124,0
315,LS-513,Afatinib,Trametinib,Oxaliplatin,0
316,CW-2,Afatinib,Trametinib,Afatinib,0
317,SW48,Afatinib,Trametinib,Olaparib,0
318,SNU-1040,Afatinib,Trametinib,LGK974,0
319,HT-115,Afatinib,Trametinib,Sapitinib,0
320,T84,Afatinib,Trametinib,SCH772984,0
321,LS-180,Afatinib,Trametinib,SCH772984,0
322,T84,Afatinib,Trametinib,SB216763,0
323,CW-2,Afatinib,Trametinib,AZD8055,0
324,HCC2998,Afatinib,Trametinib,Navitoclax,1
325,SW837,Afatinib,Trametinib,SB216763,0
326,LS-123,Afatinib,Trametinib,AZD4547,0
327,SNU-C2B,Afatinib,Trametinib,SB505124,0
328,COLO-678,Afatinib,Trametinib,SCH772984,0
329,SW48,Afatinib,Trametinib,BMS-754807,0
330,SNU-1040,Afatinib,Trametinib,Palbociclib,0
331,HT-115,Afatinib,Trametinib,Navitoclax,0
332,LS-513,Afatinib,Trametinib,AZD7762,0
333,HCT-116,Afatinib,Trametinib,AZD8055,0
334,HCC2998,Afatinib,Trametinib,MK-1775,0
335,SNU-C2B,Afatinib,Trametinib,SCH772984,0
336,LoVo,Afatinib,Trametinib,5-Fluorouracil,0
337,NCI-H747,Afatinib,Trametinib,Oxaliplatin,0
338,NCI-H508,Afatinib,Trametinib,MK-2206,0
339,DiFi,Afatinib,Trametinib,Navitoclax,0
340,NCI-H508,Afatinib,Trametinib,AZD7762,0
341,GP5d,Afatinib,Trametinib,Trametinib,0
342,SW837,Afatinib,Trametinib,LGK974,0
343,CaR-1,Afatinib,Trametinib,SB216763,0
344,HCC2998,Afatinib,Trametinib,LGK974,0
345,SK-CO-1,Afatinib,Trametinib,Crizotinib,0
346,LoVo,Afatinib,Trametinib,Crizotinib,0
347,C2BBe1,Afatinib,Trametinib,Linsitinib,1
348,CL-11,Afatinib,Trametinib,BMS-754807,1
349,NCI-H716,Afatinib,Trametinib,SCH772984,0
350,T84,Afatinib,Trametinib,Linsitinib,1
351,RKO,Afatinib,Trametinib,Crizotinib,0
352,T84,Afatinib,Trametinib,Palbociclib,0
353,RKO,Afatinib,Trametinib,Sapitinib,0
354,CW-2,Afatinib,Trametinib,Linsitinib,0
355,HCC2998,Afatinib,Trametinib,BMS-754807,1
356,SK-CO-1,Afatinib,Trametinib,Navitoclax,0
357,HT-29,Afatinib,Trametinib,MK-1775,0
358,LS-180,Afatinib,Trametinib,Navitoclax,0
359,SNU-407,Afatinib,Trametinib,Navitoclax,0
360,CW-2,Afatinib,Trametinib,AZD4547,0
361,SNU-C2B,Afatinib,Trametinib,AZD8055,0
362,SW1463,Afatinib,Trametinib,LGK974,0
363,SW620,Afatinib,Trametinib,Trametinib,0
364,SNU-C5,Afatinib,Trametinib,MK-1775,0
365,KM12,Afatinib,Trametinib,Palbociclib,0
366,COLO-320-HSR,Afatinib,Trametinib,Camptothecin,0
367,NCI-H508,Afatinib,Trametinib,Taselisib,0
368,SW1116,Afatinib,Trametinib,SB216763,0
369,COLO-678,Afatinib,Trametinib,AZD8055,0
370,HCC2998,Afatinib,Trametinib,Palbociclib,0
371,SW48,Afatinib,Trametinib,Linsitinib,0
372,SNU-C1,Afatinib,Trametinib,Vinorelbine,0
373,NCI-H508,Afatinib,Trametinib,Vinorelbine,0
374,SW1417,Afatinib,Trametinib,Palbociclib,0
375,SNU-81,Afatinib,Trametinib,Trametinib,0
376,LS-180,Afatinib,Trametinib,BMS-754807,0
377,LS-180,Afatinib,Trametinib,AZD8055,0
378,CW-2,Afatinib,Trametinib,SB216763,0
379,SNU-C1,Afatinib,Trametinib,Taselisib,0
380,SNU-1040,Afatinib,Trametinib,MK-2206,1
381,NCI-H716,Afatinib,Trametinib,SB505124,0
382,CW-2,Afatinib,Trametinib,5-Fluorouracil,0
383,NCI-H747,Afatinib,Trametinib,AZD8055,0
384,COLO-320-HSR,Afatinib,Trametinib,SB505124,0
385,SNU-C1,Afatinib,Trametinib,AZD7762,0
386,CL-11,Afatinib,Trametinib,Sapitinib,0
387,T84,Afatinib,Trametinib,Crizotinib,1
388,RCM-1,Afatinib,Trametinib,Sapitinib,0
389,CCK-81,Afatinib,Trametinib,Linsitinib,1
390,SW1417,Afatinib,Trametinib,Linsitinib,0
391,COLO-320-HSR,Afatinib,Trametinib,Linsitinib,0
392,HCT-116,Afatinib,Trametinib,5-Fluorouracil,0
393,KM12,Afatinib,Trametinib,Camptothecin,0
394,COLO-320-HSR,Afatinib,Trametinib,Palbociclib,0
395,SNU-1040,Afatinib,Trametinib,Afatinib,0
396,COLO-205,Afatinib,Trametinib,Navitoclax,0
397,LS-411N,Afatinib,Trametinib,Camptothecin,0
398,LS-411N,Afatinib,Trametinib,SB216763,0
399,LS-180,Afatinib,Trametinib,Taselisib,0
400,CW-2,Afatinib,Trametinib,SCH772984,0
401,KM12,Afatinib,Trametinib,SB216763,0
402,MDST8,Afatinib,Trametinib,Afatinib,0
403,HCT-116,Afatinib,Trametinib,Palbociclib,0
404,SNU-1040,Afatinib,Trametinib,BMS-754807,0
405,SNU-C2B,Afatinib,Trametinib,Oxaliplatin,0
406,MDST8,Afatinib,Trametinib,Crizotinib,0
407,HCC2998,Afatinib,Trametinib,SB216763,0
408,SNU-407,Afatinib,Trametinib,Palbociclib,1
409,SNU-C5,Afatinib,Trametinib,5-Fluorouracil,0
410,CaR-1,Afatinib,Trametinib,LGK974,0
411,SW1417,Afatinib,Trametinib,SB216763,0
412,SNU-1040,Afatinib,Trametinib,Crizotinib,0
413,LS-411N,Afatinib,Trametinib,Navitoclax,1
414,RCM-1,Afatinib,Trametinib,Dabrafenib,0
415,CW-2,Afatinib,Trametinib,Palbociclib,0
416,KM12,Afatinib,Trametinib,Dabrafenib,0
417,SW1417,Afatinib,Trametinib,SCH772984,0
418,LS-411N,Afatinib,Trametinib,SB505124,0
419,CCK-81,Afatinib,Trametinib,BMS-754807,1
420,HCT-15,Afatinib,Trametinib,Dabrafenib,0
421,KM12,Afatinib,Trametinib,Olaparib,0
422,HT-29,Afatinib,Trametinib,Oxaliplatin,0
423,LS-411N,Afatinib,Trametinib,Olaparib,0
424,SNU-C5,Afatinib,Trametinib,Olaparib,0
425,LoVo,Afatinib,Trametinib,LGK974,0
426,SK-CO-1,Afatinib,Trametinib,BMS-754807,0
427,HCT-116,Afatinib,Trametinib,Olaparib,0
428,CL-11,Afatinib,Trametinib,Crizotinib,1
429,CL-11,Afatinib,Trametinib,Taselisib,1
430,HCT-15,Afatinib,Trametinib,5-Fluorouracil,0
431,COLO-320-HSR,Afatinib,Trametinib,SB216763,0
432,NCI-H508,Afatinib,Trametinib,Navitoclax,1
433,SW1417,Afatinib,Trametinib,AZD4547,0
434,LoVo,Afatinib,Trametinib,Navitoclax,0
435,HT-29,Afatinib,Trametinib,Sapitinib,0
436,HT55,Afatinib,Trametinib,5-Fluorouracil,0
437,RKO,Afatinib,Trametinib,MK-1775,0
438,LS-180,Afatinib,Trametinib,AZD4547,0
439,SNU-C5,Afatinib,Trametinib,SB216763,0
440,SW837,Afatinib,Trametinib,Crizotinib,0
441,HCT-15,Afatinib,Trametinib,Camptothecin,0
442,HCT-15,Afatinib,Trametinib,SB216763,0
443,NCI-H716,Afatinib,Trametinib,Crizotinib,0
444,SW1116,Afatinib,Trametinib,Oxaliplatin,0
445,RKO,Afatinib,Trametinib,MK-2206,0
446,C2BBe1,Afatinib,Trametinib,Afatinib,0
447,SW1417,Afatinib,Trametinib,BMS-754807,0
448,HCT-116,Afatinib,Trametinib,Dabrafenib,0
449,SW1417,Afatinib,Trametinib,Olaparib,0
450,COLO-320-HSR,Afatinib,Trametinib,Olaparib,0
451,HCC2998,Afatinib,Trametinib,Olaparib,0
452,RKO,Afatinib,Trametinib,Afatinib,0
453,SW1463,Afatinib,Trametinib,Crizotinib,0
454,SNU-407,Afatinib,Trametinib,Linsitinib,1
455,SW837,Afatinib,Trametinib,5-Fluorouracil,0
456,SNU-1040,Afatinib,Trametinib,Linsitinib,0
457,KM12,Afatinib,Trametinib,Taselisib,0
458,HCT-15,Afatinib,Trametinib,LGK974,0
459,SNU-C2B,Afatinib,Trametinib,LGK974,0
460,SW948,Afatinib,Trametinib,Olaparib,0
461,LS-180,Afatinib,Trametinib,Camptothecin,0
462,CW-2,Afatinib,Trametinib,Navitoclax,1
463,SNU-C1,Afatinib,Trametinib,AZD8055,0
464,T84,Afatinib,Trametinib,5-Fluorouracil,0
465,LS-411N,Afatinib,Trametinib,AZD8055,0
466,SW620,Afatinib,Trametinib,MK-1775,0
467,SNU-407,Afatinib,Trametinib,Oxaliplatin,0
468,SW1116,Afatinib,Trametinib,Trametinib,0
469,RCM-1,Afatinib,Trametinib,LGK974,0
470,LS-411N,Afatinib,Trametinib,Afatinib,0
471,T84,Afatinib,Trametinib,AZD7762,0
472,CCK-81,Afatinib,Trametinib,Afatinib,0
473,COLO-205,Afatinib,Trametinib,Sapitinib,0
474,MDST8,Afatinib,Trametinib,MK-1775,0
475,NCI-H716,Afatinib,Trametinib,Trametinib,0
476,CaR-1,Afatinib,Trametinib,Dabrafenib,0
477,SNU-C1,Afatinib,Trametinib,MK-2206,0
478,HCT-15,Afatinib,Trametinib,MK-1775,0
479,SW620,Afatinib,Trametinib,Vinorelbine,0
480,HCT-15,Afatinib,Trametinib,Palbociclib,0
481,SW620,Afatinib,Trametinib,Dabrafenib,0
482,HCT-15,Afatinib,Trametinib,AZD7762,0
483,COLO-320-HSR,Afatinib,Trametinib,AZD8055,0
484,SNU-C2B,Afatinib,Trametinib,Vinorelbine,0
485,SW837,Afatinib,Trametinib,SB505124,0
486,COLO-320-HSR,Afatinib,Trametinib,Afatinib,0
487,GP5d,Afatinib,Trametinib,MK-2206,0
488,NCI-H508,Afatinib,Trametinib,Palbociclib,0
489,HCC2998,Afatinib,Trametinib,SB505124,0
490,LS-180,Afatinib,Trametinib,SB505124,0
491,NCI-H508,Afatinib,Trametinib,Trametinib,0
492,SK-CO-1,Afatinib,Trametinib,Linsitinib,1
493,SNU-1040,Afatinib,Trametinib,SCH772984,0
494,SW948,Afatinib,Trametinib,AZD4547,0
495,GP5d,Afatinib,Trametinib,AZD8055,0
496,SNU-C2B,Afatinib,Trametinib,AZD7762,0
497,SW1417,Afatinib,Trametinib,SB505124,0
498,T84,Afatinib,Trametinib,Navitoclax,0
499,DiFi,Afatinib,Trametinib,Camptothecin,0
500,LS-123,Afatinib,Trametinib,Oxaliplatin,0
501,LS-180,Afatinib,Trametinib,Palbociclib,0
502,CaR-1,Afatinib,Trametinib,Olaparib,0
503,SW1116,Afatinib,Trametinib,AZD8055,0
504,COLO-320-HSR,Afatinib,Trametinib,Taselisib,0
505,DiFi,Afatinib,Trametinib,Linsitinib,1
506,SW1417,Afatinib,Trametinib,Afatinib,0
507,KM12,Afatinib,Trametinib,Navitoclax,0
508,NCI-H716,Afatinib,Trametinib,AZD7762,0
509,HT-115,Afatinib,Trametinib,Camptothecin,0
510,SW620,Afatinib,Trametinib,AZD7762,0
511,T84,Afatinib,Trametinib,Vinorelbine,0
512,SW837,Afatinib,Trametinib,MK-1775,0
513,SW1463,Afatinib,Trametinib,Oxaliplatin,0
514,CaR-1,Afatinib,Trametinib,Crizotinib,0
515,LS-411N,Afatinib,Trametinib,AZD4547,0
516,SW1116,Afatinib,Trametinib,AZD7762,0
517,SW620,Afatinib,Trametinib,5-Fluorouracil,0
518,KM12,Afatinib,Trametinib,AZD4547,0
519,LS-513,Afatinib,Trametinib,Taselisib,0
520,SK-CO-1,Afatinib,Trametinib,Sapitinib,0
521,SNU-407,Afatinib,Trametinib,AZD8055,0
522,SNU-C2B,Afatinib,Trametinib,Navitoclax,0
523,C2BBe1,Afatinib,Trametinib,MK-1775,0
524,SW1116,Afatinib,Trametinib,Vinorelbine,0
525,NCI-H716,Afatinib,Trametinib,LGK974,0
526,COLO-320-HSR,Afatinib,Trametinib,LGK974,0
527,NCI-H508,Afatinib,Trametinib,MK-1775,0
528,SW1116,Afatinib,Trametinib,LGK974,0
529,SW1463,Afatinib,Trametinib,MK-1775,0
530,HT-29,Afatinib,Trametinib,MK-2206,0
531,CaR-1,Afatinib,Trametinib,5-Fluorouracil,0
532,RCM-1,Afatinib,Trametinib,Trametinib,0
533,HT-29,Afatinib,Trametinib,AZD7762,0
534,SW1417,Afatinib,Trametinib,Crizotinib,0
535,SNU-C2B,Afatinib,Trametinib,Trametinib,0
536,HCT-15,Afatinib,Trametinib,Trametinib,0
537,LS-180,Afatinib,Trametinib,Dabrafenib,0
538,CaR-1,Afatinib,Trametinib,SCH772984,0
539,NCI-H716,Afatinib,Trametinib,Vinorelbine,0
540,SW837,Afatinib,Trametinib,Dabrafenib,0
541,COLO-205,Afatinib,Trametinib,5-Fluorouracil,0
542,LS-513,Afatinib,Trametinib,Trametinib,0
543,MDST8,Afatinib,Trametinib,5-Fluorouracil,0
544,SNU-81,Afatinib,Trametinib,Sapitinib,0
545,COLO-320-HSR,Afatinib,Trametinib,AZD4547,0
546,NCI-H716,Afatinib,Trametinib,AZD4547,0
547,HT-29,Afatinib,Trametinib,Vinorelbine,0
548,CCK-81,Afatinib,Trametinib,MK-1775,0
549,HCT-15,Afatinib,Trametinib,Afatinib,0
550,CaR-1,Afatinib,Trametinib,SB505124,0
551,CL-11,Afatinib,Trametinib,Trametinib,0
552,HCT-116,Afatinib,Trametinib,AZD4547,0
553,SNU-407,Afatinib,Trametinib,LGK974,0
554,C2BBe1,Afatinib,Trametinib,Olaparib,0
555,C2BBe1,Afatinib,Trametinib,Camptothecin,0
556,HCT-15,Afatinib,Trametinib,BMS-754807,0
557,RCM-1,Afatinib,Trametinib,Taselisib,0
558,HT55,Afatinib,Trametinib,Linsitinib,0
559,SNU-1040,Afatinib,Trametinib,Oxaliplatin,0
560,LS-411N,Afatinib,Trametinib,LGK974,0
561,CL-11,Afatinib,Trametinib,Navitoclax,0
562,NCI-H716,Afatinib,Trametinib,SB216763,0
563,HCT-15,Afatinib,Trametinib,Crizotinib,0
564,SW837,Afatinib,Trametinib,Olaparib,0
565,KM12,Afatinib,Trametinib,Crizotinib,0
566,C2BBe1,Afatinib,Trametinib,5-Fluorouracil,0
567,COLO-205,Afatinib,Trametinib,AZD7762,0
568,LS-123,Afatinib,Trametinib,SCH772984,0
569,SNU-C1,Afatinib,Trametinib,Sapitinib,0
570,LoVo,Afatinib,Trametinib,Trametinib,0
571,LoVo,Afatinib,Trametinib,Palbociclib,0
572,HT55,Afatinib,Trametinib,Sapitinib,0
573,COLO-205,Afatinib,Trametinib,Camptothecin,0
574,CaR-1,Afatinib,Trametinib,MK-1775,0
575,KM12,Afatinib,Trametinib,BMS-754807,0
576,LS-513,Afatinib,Trametinib,Navitoclax,1
577,HCC2998,Afatinib,Trametinib,Taselisib,1
578,COLO-205,Afatinib,Trametinib,Vinorelbine,0
579,KM12,Afatinib,Trametinib,Trametinib,0
580,SW1463,Afatinib,Trametinib,SCH772984,0
581,SNU-1040,Afatinib,Trametinib,5-Fluorouracil,0
582,SW1463,Afatinib,Trametinib,SB216763,0
583,MDST8,Afatinib,Trametinib,MK-2206,1
584,SW837,Afatinib,Trametinib,Linsitinib,0
585,SW1116,Afatinib,Trametinib,Taselisib,0
586,NCI-H508,Afatinib,Trametinib,SCH772984,0
587,SNU-C1,Afatinib,Trametinib,Dabrafenib,0
588,HT-115,Afatinib,Trametinib,Olaparib,0
589,SW1116,Afatinib,Trametinib,BMS-754807,0
590,MDST8,Afatinib,Trametinib,Olaparib,0
591,HT-29,Afatinib,Trametinib,Navitoclax,1
592,SW1463,Afatinib,Trametinib,Linsitinib,0
593,SNU-C2B,Afatinib,Trametinib,AZD4547,0
594,COLO-678,Afatinib,Trametinib,MK-2206,0
595,HCT-15,Afatinib,Trametinib,SB505124,0
596,SK-CO-1,Afatinib,Trametinib,5-Fluorouracil,0
597,SW837,Afatinib,Trametinib,SCH772984,0
598,DiFi,Afatinib,Trametinib,Olaparib,0
599,RCM-1,Afatinib,Trametinib,SB505124,0
600,SNU-175,Afatinib,Trametinib,Linsitinib,0
601,SK-CO-1,Afatinib,Trametinib,AZD7762,0
602,SNU-407,Afatinib,Trametinib,Olaparib,0
603,CCK-81,Afatinib,Trametinib,5-Fluorouracil,0
604,LS-123,Afatinib,Trametinib,Linsitinib,0
605,SW48,Afatinib,Trametinib,Sapitinib,0
606,RKO,Afatinib,Trametinib,Oxaliplatin,0
607,SW48,Afatinib,Trametinib,AZD4547,0
608,HCT-15,Afatinib,Trametinib,Navitoclax,0
609,SNU-81,Afatinib,Trametinib,LGK974,0
610,SNU-C2B,Afatinib,Trametinib,SB216763,0
611,GP5d,Afatinib,Trametinib,5-Fluorouracil,0
612,LS-123,Afatinib,Trametinib,MK-2206,1
613,RCM-1,Afatinib,Trametinib,Camptothecin,0
614,HCC2998,Afatinib,Trametinib,Oxaliplatin,0
615,LS-180,Afatinib,Trametinib,LGK974,0
616,SNU-175,Afatinib,Trametinib,SCH772984,0
617,LS-513,Afatinib,Trametinib,Palbociclib,0
618,SNU-407,Afatinib,Trametinib,MK-2206,1
619,LS-123,Afatinib,Trametinib,Olaparib,0
620,SW1417,Afatinib,Trametinib,LGK974,0
621,RKO,Afatinib,Trametinib,Olaparib,0
622,GP5d,Afatinib,Trametinib,Camptothecin,0
623,HCT-15,Afatinib,Trametinib,SCH772984,0
624,RCM-1,Afatinib,Trametinib,Afatinib,0
625,LS-180,Afatinib,Trametinib,Vinorelbine,0
626,CL-11,Afatinib,Trametinib,Dabrafenib,0
627,SK-CO-1,Afatinib,Trametinib,Vinorelbine,0
628,DiFi,Afatinib,Trametinib,SCH772984,0
629,LS-513,Afatinib,Trametinib,MK-1775,0
630,HT-29,Afatinib,Trametinib,Palbociclib,0
631,LS-180,Afatinib,Trametinib,AZD7762,0
632,SW1417,Afatinib,Trametinib,Camptothecin,0
633,CCK-81,Afatinib,Trametinib,MK-2206,1
634,HT-115,Afatinib,Trametinib,SCH772984,0
635,LS-123,Afatinib,Trametinib,Afatinib,0
636,SNU-C2B,Afatinib,Trametinib,Palbociclib,0
637,LS-411N,Afatinib,Trametinib,Taselisib,1
638,HT55,Afatinib,Trametinib,AZD4547,0
639,RKO,Afatinib,Trametinib,5-Fluorouracil,0
640,LS-513,Afatinib,Trametinib,SCH772984,0
641,HT55,Afatinib,Trametinib,MK-2206,0
642,SNU-175,Afatinib,Trametinib,Olaparib,0
643,GP5d,Afatinib,Trametinib,MK-1775,0
644,SW1116,Afatinib,Trametinib,SB505124,0
645,SNU-407,Afatinib,Trametinib,5-Fluorouracil,0
646,CaR-1,Afatinib,Trametinib,MK-2206,1
647,T84,Afatinib,Trametinib,Oxaliplatin,0
648,SNU-C2B,Afatinib,Trametinib,Sapitinib,0
649,GP5d,Afatinib,Trametinib,Olaparib,0
650,SNU-175,Afatinib,Trametinib,MK-1775,0
651,SW48,Afatinib,Trametinib,5-Fluorouracil,0
652,NCI-H747,Afatinib,Trametinib,Linsitinib,1
653,SNU-1040,Afatinib,Trametinib,Trametinib,0
654,HT-29,Afatinib,Trametinib,SB216763,0
655,SNU-81,Afatinib,Trametinib,Taselisib,0
656,NCI-H716,Afatinib,Trametinib,Sapitinib,0
657,RCM-1,Afatinib,Trametinib,Olaparib,0
658,T84,Afatinib,Trametinib,MK-1775,0
659,SW837,Afatinib,Trametinib,MK-2206,1
660,NCI-H716,Afatinib,Trametinib,Taselisib,1
661,CL-11,Afatinib,Trametinib,Vinorelbine,1
662,SNU-175,Afatinib,Trametinib,Dabrafenib,0
663,LoVo,Afatinib,Trametinib,BMS-754807,0
664,NCI-H508,Afatinib,Trametinib,BMS-754807,0
665,MDST8,Afatinib,Trametinib,AZD8055,0
666,T84,Afatinib,Trametinib,MK-2206,1
667,SW948,Afatinib,Trametinib,MK-2206,0
668,HT-115,Afatinib,Trametinib,5-Fluorouracil,0
669,HCC2998,Afatinib,Trametinib,SCH772984,0
670,SNU-C2B,Afatinib,Trametinib,Dabrafenib,0
671,CW-2,Afatinib,Trametinib,Vinorelbine,0
672,CL-11,Afatinib,Trametinib,Palbociclib,0
673,LS-513,Afatinib,Trametinib,BMS-754807,0
674,SW948,Afatinib,Trametinib,AZD8055,0
675,NCI-H716,Afatinib,Trametinib,Oxaliplatin,0
676,KM12,Afatinib,Trametinib,Oxaliplatin,0
677,RCM-1,Afatinib,Trametinib,Linsitinib,0
678,SNU-175,Afatinib,Trametinib,SB505124,0
679,DiFi,Afatinib,Trametinib,5-Fluorouracil,0
680,HCT-15,Afatinib,Trametinib,Oxaliplatin,0
681,SNU-C1,Afatinib,Trametinib,AZD4547,0
682,SW48,Afatinib,Trametinib,AZD7762,0
683,T84,Afatinib,Trametinib,BMS-754807,1
684,SW48,Afatinib,Trametinib,Camptothecin,0
685,LS-123,Afatinib,Trametinib,MK-1775,0
686,SW948,Afatinib,Trametinib,Linsitinib,1
687,SNU-C5,Afatinib,Trametinib,Linsitinib,0
688,SK-CO-1,Afatinib,Trametinib,AZD4547,0
689,SW48,Afatinib,Trametinib,Vinorelbine,0
690,KM12,Afatinib,Trametinib,Sapitinib,0
691,SW1463,Afatinib,Trametinib,AZD7762,1
692,COLO-205,Afatinib,Trametinib,Afatinib,0
693,LS-180,Afatinib,Trametinib,Crizotinib,0
694,SNU-175,Afatinib,Trametinib,5-Fluorouracil,0
695,LS-411N,Afatinib,Trametinib,Sapitinib,0
696,HCT-116,Afatinib,Trametinib,Sapitinib,0
697,SNU-C1,Afatinib,Trametinib,SB216763,0
698,CW-2,Afatinib,Trametinib,MK-1775,0
699,LoVo,Afatinib,Trametinib,SCH772984,0
700,SW1116,Afatinib,Trametinib,Dabrafenib,0
701,CW-2,Afatinib,Trametinib,AZD7762,0
702,CL-11,Afatinib,Trametinib,SB505124,0
703,COLO-320-HSR,Afatinib,Trametinib,Sapitinib,0
704,SNU-407,Afatinib,Trametinib,MK-1775,0
705,SW48,Afatinib,Trametinib,Dabrafenib,0
706,SNU-81,Afatinib,Trametinib,AZD4547,0
707,CL-11,Afatinib,Trametinib,SB216763,0
708,MDST8,Afatinib,Trametinib,Oxaliplatin,0
709,CCK-81,Afatinib,Trametinib,SCH772984,0
710,C2BBe1,Afatinib,Trametinib,AZD8055,0
711,SNU-C2B,Afatinib,Trametinib,Crizotinib,0
712,COLO-678,Afatinib,Trametinib,5-Fluorouracil,0
713,HCT-116,Afatinib,Trametinib,Oxaliplatin,0
714,SNU-C1,Afatinib,Trametinib,Afatinib,0
715,RCM-1,Afatinib,Trametinib,Crizotinib,0
716,SNU-175,Afatinib,Trametinib,Crizotinib,0
717,SW948,Afatinib,Trametinib,Sapitinib,0
718,CaR-1,Afatinib,Trametinib,Linsitinib,1
719,RKO,Afatinib,Trametinib,AZD8055,0
720,KM12,Afatinib,Trametinib,AZD8055,0
721,COLO-678,Afatinib,Trametinib,Camptothecin,0
722,SW1417,Afatinib,Trametinib,Sapitinib,0
723,CW-2,Afatinib,Trametinib,Oxaliplatin,0
724,SNU-81,Afatinib,Trametinib,SB216763,0
725,SK-CO-1,Afatinib,Trametinib,AZD8055,0
726,SNU-81,Afatinib,Trametinib,SB505124,0
727,SW1116,Afatinib,Trametinib,Palbociclib,0
728,CL-11,Afatinib,Trametinib,AZD4547,0
729,LS-123,Afatinib,Trametinib,Camptothecin,0
730,COLO-205,Afatinib,Trametinib,AZD4547,0
731,SW1116,Afatinib,Trametinib,MK-1775,0
732,SW1417,Afatinib,Trametinib,Taselisib,0
733,SK-CO-1,Afatinib,Trametinib,Afatinib,0
734,NCI-H747,Afatinib,Trametinib,SB216763,0
735,SW620,Afatinib,Trametinib,Oxaliplatin,0
736,SW1463,Afatinib,Trametinib,Camptothecin,0
737,CCK-81,Afatinib,Trametinib,SB505124,0
738,HT-29,Afatinib,Trametinib,SCH772984,0
739,SNU-81,Afatinib,Trametinib,Camptothecin,0
740,RKO,Afatinib,Trametinib,Linsitinib,1
741,GP5d,Afatinib,Trametinib,Afatinib,0
742,COLO-320-HSR,Afatinib,Trametinib,MK-2206,0
743,HCC2998,Afatinib,Trametinib,Afatinib,0
744,NCI-H747,Afatinib,Trametinib,Olaparib,0
745,COLO-678,Afatinib,Trametinib,MK-1775,0
746,SNU-C1,Afatinib,Trametinib,SB505124,0
747,LS-180,Afatinib,Trametinib,MK-1775,0
748,COLO-678,Afatinib,Trametinib,Palbociclib,0
749,RKO,Afatinib,Trametinib,AZD4547,0
750,SNU-81,Afatinib,Trametinib,Palbociclib,0
751,SW1417,Afatinib,Trametinib,Trametinib,0
752,LS-411N,Afatinib,Trametinib,Dabrafenib,1
753,SNU-81,Afatinib,Trametinib,Afatinib,0
754,SK-CO-1,Afatinib,Trametinib,Camptothecin,0
755,C2BBe1,Afatinib,Trametinib,MK-2206,0
756,HCC2998,Afatinib,Trametinib,MK-2206,0
757,RKO,Afatinib,Trametinib,Navitoclax,0
758,SNU-81,Afatinib,Trametinib,AZD8055,0
759,CaR-1,Afatinib,Trametinib,Taselisib,1
760,HT-29,Afatinib,Trametinib,AZD4547,0
761,SW1463,Afatinib,Trametinib,Dabrafenib,0
762,LS-180,Afatinib,Trametinib,Trametinib,0
763,NCI-H747,Afatinib,Trametinib,5-Fluorouracil,0
764,SNU-407,Afatinib,Trametinib,Crizotinib,0
765,LoVo,Afatinib,Trametinib,Oxaliplatin,0
766,SW1417,Afatinib,Trametinib,MK-2206,0
767,SNU-C1,Afatinib,Trametinib,Camptothecin,0
768,COLO-205,Afatinib,Trametinib,Taselisib,1
769,SNU-407,Afatinib,Trametinib,Afatinib,0
770,HCT-116,Afatinib,Trametinib,AZD7762,0
771,SNU-C1,Afatinib,Trametinib,Linsitinib,0
772,COLO-205,Afatinib,Trametinib,SCH772984,0
773,SW1463,Afatinib,Trametinib,MK-2206,1
774,SK-CO-1,Afatinib,Trametinib,Dabrafenib,0
775,KM12,Afatinib,Trametinib,AZD7762,0
776,NCI-H716,Afatinib,Trametinib,Navitoclax,0
777,HT-115,Afatinib,Trametinib,Crizotinib,0
778,COLO-678,Afatinib,Trametinib,Dabrafenib,0
779,SW620,Afatinib,Trametinib,Linsitinib,0
780,SNU-81,Afatinib,Trametinib,Olaparib,0
781,SNU-C2B,Afatinib,Trametinib,BMS-754807,0
782,DiFi,Afatinib,Trametinib,MK-2206,0
783,CW-2,Afatinib,Trametinib,MK-2206,0
784,HCT-116,Afatinib,Trametinib,MK-2206,1
785,SNU-C5,Afatinib,Trametinib,AZD8055,0
786,KM12,Afatinib,Trametinib,Vinorelbine,0
787,HT-115,Afatinib,Trametinib,AZD4547,0
788,SW48,Afatinib,Trametinib,Trametinib,0
789,HT-115,Afatinib,Trametinib,MK-2206,0
790,SW948,Afatinib,Trametinib,5-Fluorouracil,0
791,LS-180,Afatinib,Trametinib,Sapitinib,0
792,SNU-81,Afatinib,Trametinib,Linsitinib,0
793,LoVo,Afatinib,Trametinib,MK-1775,0
794,SNU-C1,Afatinib,Trametinib,5-Fluorouracil,0
795,DiFi,Afatinib,Trametinib,AZD4547,0
796,SW948,Afatinib,Trametinib,AZD7762,0
797,SW620,Afatinib,Trametinib,SCH772984,0
798,HT55,Afatinib,Trametinib,Oxaliplatin,0
799,SK-CO-1,Afatinib,Trametinib,MK-2206,1
800,COLO-678,Afatinib,Trametinib,Olaparib,0
801,NCI-H747,Afatinib,Trametinib,MK-1775,0
802,SNU-C2B,Afatinib,Trametinib,Taselisib,0
803,KM12,Afatinib,Trametinib,LGK974,0
804,CL-11,Afatinib,Trametinib,AZD7762,0
805,SNU-175,Afatinib,Trametinib,LGK974,0
806,SW948,Afatinib,Trametinib,Camptothecin,0
807,SNU-1040,Afatinib,Trametinib,Dabrafenib,0
808,SNU-C1,Afatinib,Trametinib,Crizotinib,0
809,HT-29,Afatinib,Trametinib,Crizotinib,0
810,MDST8,Afatinib,Trametinib,Navitoclax,0
811,HT55,Afatinib,Trametinib,Olaparib,0
812,LS-123,Afatinib,Trametinib,Taselisib,0
813,SW1463,Afatinib,Trametinib,Taselisib,1
814,SW48,Afatinib,Trametinib,AZD8055,0
815,CW-2,Afatinib,Trametinib,Trametinib,0
816,HT-29,Afatinib,Trametinib,5-Fluorouracil,0
817,COLO-678,Afatinib,Trametinib,Linsitinib,0
818,HCT-15,Afatinib,Trametinib,Vinorelbine,0
819,HT-29,Afatinib,Trametinib,BMS-754807,0
820,NCI-H716,Afatinib,Trametinib,Afatinib,0
821,RKO,Afatinib,Trametinib,BMS-754807,1
822,SW48,Afatinib,Trametinib,Afatinib,0
823,LS-411N,Afatinib,Trametinib,Trametinib,0
824,SW948,Afatinib,Trametinib,LGK974,0
825,SNU-C1,Afatinib,Trametinib,Olaparib,0
826,SNU-C5,Afatinib,Trametinib,Oxaliplatin,0
827,SW948,Afatinib,Trametinib,Vinorelbine,0
828,NCI-H508,Afatinib,Trametinib,SB216763,0
829,CL-11,Afatinib,Trametinib,LGK974,0
830,SNU-81,Afatinib,Trametinib,Crizotinib,0
831,COLO-205,Afatinib,Trametinib,Dabrafenib,0
832,SW620,Afatinib,Trametinib,BMS-754807,0
833,NCI-H716,Afatinib,Trametinib,BMS-754807,0
834,SW620,Afatinib,Trametinib,Olaparib,0
835,SW948,Afatinib,Trametinib,MK-1775,0
836,LS-513,Afatinib,Trametinib,LGK974,0
837,SW1116,Afatinib,Trametinib,Sapitinib,0
838,CW-2,Afatinib,Trametinib,Taselisib,0
839,RCM-1,Afatinib,Trametinib,AZD4547,0
840,LS-180,Afatinib,Trametinib,SB216763,0
841,CL-11,Afatinib,Trametinib,AZD8055,1
842,C2BBe1,Afatinib,Trametinib,Trametinib,0
843,COLO-320-HSR,Afatinib,Trametinib,MK-1775,0
844,HCT-15,Afatinib,Trametinib,AZD4547,0
845,CCK-81,Afatinib,Trametinib,AZD7762,0
846,HT55,Afatinib,Trametinib,Taselisib,0
847,HT55,Afatinib,Trametinib,AZD8055,0
848,SNU-1040,Afatinib,Trametinib,Vinorelbine,0
849,SW1116,Afatinib,Trametinib,Navitoclax,0
850,COLO-320-HSR,Afatinib,Trametinib,Trametinib,0
851,HCT-116,Afatinib,Trametinib,Afatinib,0
852,SNU-1040,Afatinib,Trametinib,MK-1775,0
853,SW1417,Afatinib,Trametinib,Dabrafenib,0
854,RCM-1,Afatinib,Trametinib,SCH772984,0
855,RKO,Afatinib,Trametinib,Dabrafenib,0
856,LS-123,Afatinib,Trametinib,Sapitinib,0
857,HCC2998,Afatinib,Trametinib,Vinorelbine,0
858,RCM-1,Afatinib,Trametinib,SB216763,0
859,SNU-1040,Afatinib,Trametinib,AZD7762,0
860,SNU-175,Afatinib,Trametinib,SB216763,0
861,GP5d,Afatinib,Trametinib,Palbociclib,0
862,SNU-C2B,Afatinib,Trametinib,Camptothecin,0
863,SNU-407,Afatinib,Trametinib,Sapitinib,0
864,T84,Afatinib,Trametinib,Taselisib,1
865,CCK-81,Afatinib,Trametinib,LGK974,0
866,HT55,Afatinib,Trametinib,SCH772984,0
867,HCC2998,Afatinib,Trametinib,Dabrafenib,0
868,CL-11,Afatinib,Trametinib,5-Fluorouracil,0
869,CW-2,Afatinib,Trametinib,Sapitinib,0
870,SW620,Afatinib,Trametinib,SB505124,0
871,HCT-116,Afatinib,Trametinib,MK-1775,0
872,LS-411N,Afatinib,Trametinib,Vinorelbine,1
873,LS-411N,Afatinib,Trametinib,MK-1775,0
874,SNU-C1,Afatinib,Trametinib,LGK974,0
875,SW620,Afatinib,Trametinib,AZD8055,0
876,RCM-1,Afatinib,Trametinib,AZD8055,0
877,SW837,Afatinib,Trametinib,Vinorelbine,0
878,SK-CO-1,Afatinib,Trametinib,Trametinib,0
879,SNU-C1,Afatinib,Trametinib,Palbociclib,1
880,COLO-678,Afatinib,Trametinib,Navitoclax,0
881,SW620,Afatinib,Trametinib,Afatinib,0
882,SNU-81,Afatinib,Trametinib,Navitoclax,0
883,GP5d,Afatinib,Trametinib,Linsitinib,1
884,CL-11,Afatinib,Trametinib,Oxaliplatin,0
885,NCI-H747,Afatinib,Trametinib,Crizotinib,0
886,COLO-678,Afatinib,Trametinib,Sapitinib,1
887,HCT-15,Afatinib,Trametinib,Taselisib,0
888,MDST8,Afatinib,Trametinib,AZD4547,0
889,CCK-81,Afatinib,Trametinib,Vinorelbine,0
890,RKO,Afatinib,Trametinib,Palbociclib,0
891,T84,Afatinib,Trametinib,Sapitinib,0
892,NCI-H716,Afatinib,Trametinib,MK-1775,0
893,HT-115,Afatinib,Trametinib,SB216763,0
894,MDST8,Afatinib,Trametinib,Linsitinib,0
895,SW837,Afatinib,Trametinib,AZD7762,0
896,LS-180,Afatinib,Trametinib,Afatinib,0
897,GP5d,Afatinib,Trametinib,Dabrafenib,0
898,NCI-H508,Afatinib,Trametinib,LGK974,0
899,SNU-C5,Afatinib,Trametinib,SCH772984,0
900,SW48,Afatinib,Trametinib,MK-2206,1
901,RCM-1,Afatinib,Trametinib,Palbociclib,0
902,HCT-116,Afatinib,Trametinib,SB505124,0
903,NCI-H747,Afatinib,Trametinib,Trametinib,0
904,CaR-1,Afatinib,Trametinib,AZD4547,0
905,SW1463,Afatinib,Trametinib,Vinorelbine,0
906,SW620,Afatinib,Trametinib,Navitoclax,0
907,COLO-678,Afatinib,Trametinib,Afatinib,0
908,DiFi,Afatinib,Trametinib,SB216763,0
909,SW48,Afatinib,Trametinib,SCH772984,0
910,NCI-H716,Afatinib,Trametinib,Palbociclib,0
911,COLO-678,Afatinib,Trametinib,BMS-754807,0
912,SNU-81,Afatinib,Trametinib,BMS-754807,0
913,SW620,Afatinib,Trametinib,Crizotinib,0
914,GP5d,Afatinib,Trametinib,Sapitinib,0
915,C2BBe1,Afatinib,Trametinib,AZD4547,0
916,CaR-1,Afatinib,Trametinib,AZD7762,0
917,NCI-H747,Afatinib,Trametinib,Afatinib,0
918,T84,Afatinib,Trametinib,Dabrafenib,0
919,HCT-116,Afatinib,Trametinib,Camptothecin,0
920,SW837,Afatinib,Trametinib,Taselisib,0
921,SNU-407,Afatinib,Trametinib,SB216763,0
922,SW948,Afatinib,Trametinib,Crizotinib,0
923,SNU-175,Afatinib,Trametinib,Sapitinib,0
924,NCI-H716,Afatinib,Trametinib,Camptothecin,0
925,LoVo,Afatinib,Trametinib,AZD8055,0
926,LS-513,Afatinib,Trametinib,5-Fluorouracil,0
927,COLO-205,Afatinib,Trametinib,Trametinib,0
928,LoVo,Afatinib,Trametinib,Taselisib,0
929,RKO,Afatinib,Trametinib,SCH772984,0
930,NCI-H716,Afatinib,Trametinib,Linsitinib,0
931,CW-2,Afatinib,Trametinib,Camptothecin,0
932,LoVo,Afatinib,Trametinib,AZD7762,0
933,SNU-C2B,Afatinib,Trametinib,Olaparib,0
934,HT-29,Afatinib,Trametinib,Linsitinib,0
935,C2BBe1,Afatinib,Trametinib,SB216763,0
936,SNU-C5,Afatinib,Trametinib,BMS-754807,0
937,SNU-175,Afatinib,Trametinib,Oxaliplatin,0
938,KM12,Afatinib,Trametinib,SB505124,0
939,LS-513,Afatinib,Trametinib,Olaparib,0
940,NCI-H508,Afatinib,Trametinib,AZD4547,0
941,HCT-116,Afatinib,Trametinib,Crizotinib,0
942,HT55,Afatinib,Trametinib,Crizotinib,0
943,NCI-H716,Afatinib,Trametinib,Olaparib,0
944,MDST8,Afatinib,Trametinib,Palbociclib,0
945,COLO-205,Afatinib,Trametinib,MK-2206,0
946,COLO-320-HSR,Afatinib,Trametinib,Dabrafenib,0
947,NCI-H716,Afatinib,Trametinib,Dabrafenib,0
948,CaR-1,Afatinib,Trametinib,Vinorelbine,0
949,HT55,Afatinib,Trametinib,BMS-754807,0
950,SW948,Afatinib,Trametinib,Afatinib,0
951,COLO-205,Afatinib,Trametinib,AZD8055,0
952,DiFi,Afatinib,Trametinib,Oxaliplatin,0
953,LS-513,Afatinib,Trametinib,Linsitinib,0
954,CL-11,Afatinib,Trametinib,SCH772984,0
955,NCI-H716,Afatinib,Trametinib,5-Fluorouracil,0
956,SNU-1040,Afatinib,Trametinib,Sapitinib,0
957,LS-411N,Afatinib,Trametinib,MK-2206,1
958,SW948,Afatinib,Trametinib,SB505124,0
959,LoVo,Afatinib,Trametinib,Vinorelbine,0
960,HCC2998,Afatinib,Trametinib,AZD4547,0
961,HT-115,Afatinib,Trametinib,Oxaliplatin,0
962,SW837,Afatinib,Trametinib,AZD4547,0
963,RCM-1,Afatinib,Trametinib,5-Fluorouracil,0
964,CaR-1,Afatinib,Trametinib,Trametinib,0
965,RCM-1,Afatinib,Trametinib,BMS-754807,1
966,NCI-H747,Afatinib,Trametinib,MK-2206,0
967,LS-513,Afatinib,Trametinib,SB216763,0
968,DiFi,Afatinib,Trametinib,Crizotinib,1
969,SNU-C5,Afatinib,Trametinib,SB505124,0
970,LoVo,Afatinib,Trametinib,MK-2206,0
971,LS-513,Afatinib,Trametinib,SB505124,0
972,GP5d,Afatinib,Trametinib,BMS-754807,1
973,SW48,Afatinib,Trametinib,Oxaliplatin,0
974,MDST8,Afatinib,Trametinib,Dabrafenib,0
975,SK-CO-1,Afatinib,Trametinib,SCH772984,0
976,SW837,Afatinib,Trametinib,Camptothecin,0
977,LS-180,Afatinib,Trametinib,5-Fluorouracil,0
978,HT-29,Afatinib,Trametinib,AZD8055,0
979,CL-11,Afatinib,Trametinib,Linsitinib,1
980,HT-115,Afatinib,Trametinib,Trametinib,0
981,NCI-H508,Afatinib,Trametinib,Crizotinib,0
982,LS-513,Afatinib,Trametinib,AZD4547,0
983,SNU-C5,Afatinib,Trametinib,AZD4547,0
984,HT-29,Afatinib,Trametinib,Afatinib,0
985,CW-2,Afatinib,Trametinib,Dabrafenib,0
986,C2BBe1,Afatinib,Trametinib,Vinorelbine,1
987,NCI-H508,Afatinib,Trametinib,5-Fluorouracil,0
988,SNU-C5,Afatinib,Trametinib,Navitoclax,0
989,GP5d,Afatinib,Trametinib,Navitoclax,0
990,CCK-81,Afatinib,Trametinib,AZD8055,0
991,DiFi,Afatinib,Trametinib,Trametinib,0
992,HCT-116,Afatinib,Trametinib,Trametinib,0
993,SK-CO-1,Afatinib,Trametinib,Taselisib,1
994,SW948,Afatinib,Trametinib,BMS-754807,0
995,GP5d,Afatinib,Trametinib,AZD7762,0
996,SNU-407,Afatinib,Trametinib,Trametinib,0
997,DiFi,Afatinib,Trametinib,AZD8055,0
998,T84,Afatinib,Trametinib,LGK974,0
999,SNU-407,Afatinib,Trametinib,Camptothecin,0
1000,SW1116,Afatinib,Trametinib,Linsitinib,1
1001,SW620,Afatinib,Trametinib,LGK974,0
1002,SNU-81,Afatinib,Trametinib,SCH772984,0
1003,NCI-H508,Afatinib,Trametinib,Camptothecin,0
1004,SW1463,Afatinib,Trametinib,Trametinib,0
1005,KM12,Afatinib,Trametinib,SCH772984,0
1006,SNU-407,Afatinib,Trametinib,Vinorelbine,0
1007,RCM-1,Afatinib,Trametinib,AZD7762,0
1008,NCI-H747,Afatinib,Trametinib,Sapitinib,0
1009,HT-115,Afatinib,Trametinib,AZD8055,0
1010,DiFi,Afatinib,Trametinib,AZD7762,0
1011,HCT-116,Afatinib,Trametinib,Vinorelbine,0
1012,SW837,Afatinib,Trametinib,Palbociclib,0
1013,C2BBe1,Afatinib,Trametinib,SCH772984,0
1014,HT55,Afatinib,Trametinib,Palbociclib,0
1015,HCC2998,Afatinib,Trametinib,AZD8055,0
1016,LoVo,Afatinib,Trametinib,Sapitinib,0
1017,HT55,Afatinib,Trametinib,MK-1775,0
1018,LS-180,Afatinib,Trametinib,MK-2206,1
1019,T84,Afatinib,Trametinib,Trametinib,0
1020,NCI-H508,Afatinib,Trametinib,SB505124,0
1021,SW620,Afatinib,Trametinib,Camptothecin,0
1022,HT-115,Afatinib,Trametinib,AZD7762,0
1023,CL-11,Afatinib,Trametinib,Afatinib,1
1024,CCK-81,Afatinib,Trametinib,Sapitinib,0
1025,HCC2998,Afatinib,Trametinib,Trametinib,0
1026,GP5d,Afatinib,Trametinib,Taselisib,0
1027,SW837,Afatinib,Trametinib,Trametinib,0
1028,NCI-H508,Afatinib,Trametinib,Dabrafenib,0
1029,SNU-1040,Afatinib,Trametinib,Taselisib,0
1030,RCM-1,Afatinib,Trametinib,Navitoclax,0
1031,DiFi,Afatinib,Trametinib,LGK974,0
1032,GP5d,Afatinib,Trametinib,LGK974,0
1033,SW948,Afatinib,Trametinib,SCH772984,0
1034,HCT-116,Afatinib,Trametinib,LGK974,0
1035,GP5d,Afatinib,Trametinib,Vinorelbine,0
1036,SW620,Afatinib,Trametinib,Palbociclib,0
1037,SW948,Afatinib,Trametinib,SB216763,0
1038,SNU-C5,Afatinib,Trametinib,Taselisib,0
1039,HT-115,Afatinib,Trametinib,Vinorelbine,0
1040,CaR-1,Afatinib,Trametinib,Palbociclib,0
1041,LoVo,Afatinib,Trametinib,Dabrafenib,0
1042,SNU-175,Afatinib,Trametinib,BMS-754807,0
1043,CCK-81,Afatinib,Trametinib,Oxaliplatin,0
1044,SNU-407,Afatinib,Trametinib,AZD7762,0
1045,MDST8,Afatinib,Trametinib,SCH772984,0
1046,HT-115,Afatinib,Trametinib,LGK974,0
1047,LS-411N,Afatinib,Trametinib,AZD7762,0
1048,SW1463,Afatinib,Trametinib,Sapitinib,0
1049,COLO-320-HSR,Afatinib,Trametinib,Vinorelbine,0
1050,CaR-1,Afatinib,Trametinib,Camptothecin,0
1051,DiFi,Afatinib,Trametinib,Vinorelbine,0
1052,LS-513,Afatinib,Trametinib,AZD8055,0
1053,SK-CO-1,Afatinib,Trametinib,Oxaliplatin,0
